{
  "n": 22,
  "vector_only": {
    "hit@5": 0.5454545454545454,
    "hit@10": 0.6363636363636364,
    "hit@20": 0.6363636363636364,
    "recall@5": 0.12522626467361628,
    "recall@10": 0.1316215845156627,
    "recall@20": 0.14283568035295569,
    "mrr": 0.45833333333333337
  },
  "hipporag": {
    "hit@5": 0.3181818181818182,
    "hit@10": 0.5,
    "hit@20": 0.6363636363636364,
    "recall@5": 0.08613700918125898,
    "recall@10": 0.09818114719726401,
    "recall@20": 0.13421182995640707,
    "mrr": 0.23322010259809298
  }
}