{
  "n": 22,
  "dense": {
    "h@5": 0.5454545454545454,
    "h@10": 0.6363636363636364,
    "h@20": 0.6363636363636364,
    "r@10": 0.1316215845156627,
    "rr": 0.45833333333333337
  },
  "hybrid_en": {
    "h@5": 0.5,
    "h@10": 0.6363636363636364,
    "h@20": 0.6363636363636364,
    "r@10": 0.13300382800316932,
    "rr": 0.3829545454545455
  },
  "hybrid_ar": {
    "h@5": 0.36363636363636365,
    "h@10": 0.5454545454545454,
    "h@20": 0.6363636363636364,
    "r@10": 0.1095916583883504,
    "rr": 0.2737504056283961
  }
}